{"data": {"datasetName": "mantisTables", "tableName": "2", "header": ["col0", "col1", "col2"], "rows": [{"idRow": 1, "data": ["island falls opera house", "place listed on the national register of historic places", "sewall street, island falls, me 04747"]}, {"idRow": 2, "data": ["victoria hall", "national historic site of canada", "55 king street west"]}], "semanticAnnotations": {"cea": [{"idColumn": 0, "idRow": 1, "entities": [{"id": "Q19880907", "name": "island falls opera house", "types": [{"id": "Q41253", "name": "movie theater"}, {"id": "Q1763828", "name": "multi-purpose hall"}, {"id": "Q153562", "name": "opera house"}], "description": "former theater in island falls, maine, united states", "match": true, "score": 0.981, "features": [{"id": "delta", "value": 0.949}, {"id": "omega", "value": 0.962}, {"id": "levenshtein_distance", "value": 1}, {"id": "jaccard_distance", "value": 1}, {"id": "popularity", "value": 0}]}, {"id": "Q5365111", "name": "ellendale opera house", "types": [{"id": "Q655686", "name": "commercial building"}, {"id": "Q153562", "name": "opera house"}], "description": "commercial building and former theater in ellendale, north dakota, united states", "match": false, "score": 0.032, "features": [{"id": "delta", "value": null}, {"id": "omega", "value": null}, {"id": "levenshtein_distance", "value": 0.71}, {"id": "jaccard_distance", "value": 0.5}, {"id": "popularity", "value": 0}]}, {"id": "Q43263833", "name": "bellows falls opera house", "types": [{"id": "Q41253", "name": "movie theater"}], "description": "movie theater in bellows falls, vermont, united states", "match": false, "score": 0.024, "features": [{"id": "delta", "value": null}, {"id": "omega", "value": null}, {"id": "levenshtein_distance", "value": 0.76}, {"id": "jaccard_distance", "value": 0.75}, {"id": "popularity", "value": 0}]}]}, {"idColumn": 1, "idRow": 1, "entities": [{"id": "Q19558910", "name": "place listed on the national register of historic places", "types": [{"id": "Q30634609", "name": "heritage designation"}], "description": "building, structure, site, object or district which has been deemed significant for its architecture, for its association with past events, and/or for other reasons (united states)", "match": true, "score": 0.981, "features": [{"id": "delta", "value": 0.283}, {"id": "omega", "value": 0.562}, {"id": "levenshtein_distance", "value": 1}, {"id": "jaccard_distance", "value": 1}, {"id": "popularity", "value": 0}]}, {"id": "Q47162186", "name": "site listed on the national register of historic places", "types": [{"id": "Q30634609", "name": "heritage designation"}], "description": "property/resource category in the us national register of historic places", "match": false, "score": 0.698, "features": [{"id": "delta", "value": null}, {"id": "omega", "value": null}, {"id": "levenshtein_distance", "value": 0.93}, {"id": "jaccard_distance", "value": 0.89}, {"id": "popularity", "value": 0}]}, {"id": "Q94166627", "name": "place listed on the arkansas register of historic places", "types": [{"id": "Q30634609", "name": "heritage designation"}], "description": "none", "match": false, "score": 0.664, "features": [{"id": "delta", "value": null}, {"id": "omega", "value": null}, {"id": "levenshtein_distance", "value": 0.89}, {"id": "jaccard_distance", "value": 0.89}, {"id": "popularity", "value": 0}]}]}, {"idColumn": 2, "idRow": 1, "entities": []}, {"idColumn": 0, "idRow": 2, "entities": [{"id": "Q23643179", "name": "victoria hall", "types": [{"id": "Q1763828", "name": "multi-purpose hall"}, {"id": "Q25550691", "name": "town hall"}], "description": "town hall in cobourg, ontario", "match": true, "score": 0.981, "features": [{"id": "delta", "value": 0.002}, {"id": "omega", "value": 0.394}, {"id": "levenshtein_distance", "value": 1}, {"id": "jaccard_distance", "value": 1}, {"id": "popularity", "value": 0}]}, {"id": "Q7926749", "name": "victoria hall", "types": [{"id": "Q655686", "name": "commercial building"}], "description": "building in hamilton, ontario", "match": false, "score": 0.979, "features": [{"id": "delta", "value": null}, {"id": "omega", "value": null}, {"id": "levenshtein_distance", "value": 1}, {"id": "jaccard_distance", "value": 1}, {"id": "popularity", "value": 0}]}, {"id": "Q60508934", "name": "victoria hall", "types": [{"id": "Q25550691", "name": "town hall"}], "description": "city hall in brockville, ontario", "match": false, "score": 0.965, "features": [{"id": "delta", "value": null}, {"id": "omega", "value": null}, {"id": "levenshtein_distance", "value": 1}, {"id": "jaccard_distance", "value": 1}, {"id": "popularity", "value": 0}]}]}, {"idColumn": 1, "idRow": 2, "entities": [{"id": "Q1568567", "name": "national historic site of canada", "types": [{"id": "Q30634609", "name": "heritage designation"}], "description": "site of national historic significance in canada", "match": true, "score": 0.981, "features": [{"id": "delta", "value": 0.885}, {"id": "omega", "value": 0.923}, {"id": "levenshtein_distance", "value": 1}, {"id": "jaccard_distance", "value": 1}, {"id": "popularity", "value": 0.02}]}, {"id": "Q1258086", "name": "national historic site", "types": [{"id": "Q30634609", "name": "heritage designation"}], "description": "protected area in the united states", "match": false, "score": 0.096, "features": [{"id": "delta", "value": null}, {"id": "omega", "value": null}, {"id": "levenshtein_distance", "value": 0.69}, {"id": "jaccard_distance", "value": 0.6}, {"id": "popularity", "value": 0.01}]}, {"id": "Q2098033", "name": "national historic site", "types": [{"id": "Q4167410", "name": "Wikimedia disambiguation page"}], "description": "wikimedia disambiguation page", "match": false, "score": 0.043, "features": [{"id": "delta", "value": null}, {"id": "omega", "value": null}, {"id": "levenshtein_distance", "value": 0.69}, {"id": "jaccard_distance", "value": 0.6}, {"id": "popularity", "value": 0}]}]}, {"idColumn": 2, "idRow": 2, "entities": []}], "cpa": [{"idSourceColumn": 0, "idTargetColumn": 1, "predicates": [{"id": "P1435", "name": "heritage designation", "score": 1}]}, {"idSourceColumn": 0, "idTargetColumn": 2, "predicates": [{"id": "P6375", "name": "street address", "score": 0.625}]}], "cta": [{"idColumn": 0, "types": [{"id": "Q1763828", "name": "multi-purpose hall", "score": 1}, {"id": "Q655686", "name": "commercial building", "score": 1}, {"id": "Q41253", "name": "movie theater", "score": 0.5}, {"id": "Q153562", "name": "opera house", "score": 0.5}, {"id": "Q24354", "name": "theatre building", "score": 0.5}, {"id": "Q18760388", "name": "retail building", "score": 0.5}, {"id": "Q25550691", "name": "town hall", "score": 0.5}]}, {"idColumn": 1, "types": [{"id": "Q30634609", "name": "heritage designation", "score": 1}, {"id": "Q7094076", "name": "online database", "score": 0.5}, {"id": "Q4167410", "name": "Wikimedia disambiguation page", "score": 0.5}]}]}, "metadata": {"column": [{"idColumn": 0, "tag": "SUBJ"}, {"idColumn": 1, "tag": "NE"}, {"idColumn": 2, "tag": "LIT"}]}, "status": "DONE"}, "pagination": {"currentPage": 1, "perPage": 10, "totalPages": 1, "totalItems": 2}}